{
    "version": 1,
    "isDeleted": false,
    "isDirty": true,
    "isNew": true,
    "isPurged": false,
    "isAged": false,
    "createdByComponentType": "client",
    "creationTime": 1508837553345,
    "lastUpdateType": "WholeEntity",
    "lastUpdateByComponentType": "client",
    "distributeProperties": {
        "distributeMethod": "spatial",
        "recipients": []
    },
    "isSpatialEntity": true,
    "is2525Applicable": false,
    "mapRenderType": "mapCoreSchema",
    "isAOILimited": true,
    "propertiesFor2525": {
        "sidc": "SFG-UCI----D",
        "base_sidc": "SFG-UCI----D"
    },
    "appModule": "CommonApp",
    "entType": "DrawingEntity",
    "title": "Manual",
    "key": "77891e5e-f9e9-4b4f-a5e4-08e43de89035",
    "createdBy": "0.2359835207814427",
	"position":{
			"shape": "Arc",
			"radius": 3008.8295898,
			"centerPoint": [34.8348126,32.1440598],
			"fromAngle":15.2,
			"toAngle":95.11

    }
}
